event_id,case_id,event_type,occurred_at,agent_id,note
E_beta0000100,T00001,created,2026-02-18T09:41:30Z,AG00019,
E_beta0000101,T00001,assigned,2026-02-19T04:23:25.768327Z,AG00016,
E_beta0000102,T00001,customer_reply,2026-02-19T07:34:16.391974Z,AG00001,
E_beta0000103,T00001,agent_note,2026-02-19T17:22:06.211099Z,AG00018,
E_beta0000104,T00001,status_change,2026-02-20T17:57:58.792141Z,AG00005,
E_beta0000200,T00002,created,2026-03-27T23:37:32Z,AG00009,
E_beta0000201,T00002,assigned,2026-03-28T04:16:49.283944Z,AG00023,
E_beta0000202,T00002,customer_reply,2026-03-28T11:24:03.277333Z,AG00016,
E_beta0000300,T00003,created,2026-03-25T00:12:19Z,AG00001,
E_beta0000301,T00003,assigned,2026-03-25T23:42:25.765793Z,AG00005,
E_beta0000302,T00003,customer_reply,2026-03-26T12:11:58.927086Z,AG00009,
E_beta0000400,T00004,created,2026-03-12T17:39:12Z,AG00005,
E_beta0000401,T00004,assigned,2026-03-14T07:53:26.136858Z,AG00015,
E_beta0000500,T00005,created,2026-02-18T08:05:36Z,AG00019,
E_beta0000501,T00005,assigned,2026-02-20T04:53:40.686658Z,AG00024,
E_beta0000600,T00006,created,2026-02-09T16:07:33Z,AG00017,
E_beta0000601,T00006,assigned,2026-02-09T22:06:48.537797Z,AG00017,
E_beta0000700,T00007,created,2026-03-30T15:05:00Z,AG00020,
E_beta0000701,T00007,assigned,2026-03-31T17:52:49.077951Z,AG00021,
E_beta0000702,T00007,customer_reply,2026-04-01T10:34:00.127874Z,AG00021,
E_beta0000703,T00007,agent_note,2026-03-31T04:01:44.636709Z,AG00023,
E_beta0000800,T00008,created,2026-03-15T13:17:46Z,AG00001,
E_beta0000801,T00008,assigned,2026-03-18T00:26:51.432794Z,AG00005,
E_beta0000802,T00008,customer_reply,2026-03-16T03:40:18.725909Z,AG00010,
E_beta0000803,T00008,agent_note,2026-03-15T20:54:24.213674Z,AG00015,
E_beta0000900,T00009,created,2026-01-13T11:05:18Z,AG00002,
E_beta0000901,T00009,assigned,2026-01-15T10:31:15.353377Z,AG00015,
E_beta0000902,T00009,customer_reply,2026-01-15T14:06:32.091605Z,AG00015,
E_beta0000903,T00009,agent_note,2026-01-14T03:24:48.301155Z,AG00006,
E_beta0001000,T00010,created,2026-01-09T21:36:28Z,AG00020,
E_beta0001001,T00010,assigned,2026-01-10T21:39:45.860253Z,AG00003,
E_beta0001002,T00010,customer_reply,2026-01-12T08:32:03.755049Z,AG00014,
E_beta0001003,T00010,agent_note,2026-01-10T14:17:19.165136Z,AG00018,
E_beta0001100,T00011,created,2026-01-21T11:01:49Z,AG00006,
E_beta0001101,T00011,assigned,2026-01-23T21:50:24.083067Z,AG00015,
E_beta0001102,T00011,customer_reply,2026-01-21T15:12:46.839020Z,AG00009,
E_beta0001103,T00011,agent_note,2026-01-23T15:38:30.825918Z,AG00009,
E_beta0001200,T00012,created,2026-03-25T03:21:43Z,AG00021,
E_beta0001201,T00012,assigned,2026-03-27T13:06:39.748628Z,AG00019,
E_beta0001202,T00012,customer_reply,2026-03-27T13:34:57.957251Z,AG00019,
E_beta0001203,T00012,agent_note,2026-03-26T09:31:51.331360Z,AG00013,
E_beta0001300,T00013,created,2026-01-13T21:38:17Z,AG00003,
E_beta0001301,T00013,assigned,2026-01-15T10:37:48.951729Z,AG00022,
E_beta0001302,T00013,customer_reply,2026-01-14T16:15:14.305197Z,AG00011,
E_beta0001303,T00013,agent_note,2026-01-15T06:01:19.738190Z,AG00023,
E_beta0001304,T00013,status_change,2026-01-14T12:21:57.490780Z,AG00003,
E_beta0001400,T00014,created,2026-03-21T09:21:53Z,AG00019,
E_beta0001401,T00014,assigned,2026-03-22T11:27:13.053635Z,AG00015,
E_beta0001402,T00014,customer_reply,2026-03-22T13:11:46.112207Z,AG00007,
E_beta0001403,T00014,agent_note,2026-03-23T16:02:25.714760Z,AG00016,
E_beta0001500,T00015,created,2026-01-17T15:38:03Z,AG00008,
E_beta0001501,T00015,assigned,2026-01-17T18:21:42.548552Z,AG00024,
E_beta0001600,T00016,created,2026-03-12T17:45:14Z,AG00015,
E_beta0001601,T00016,assigned,2026-03-13T23:33:52.764275Z,AG00013,
E_beta0001602,T00016,customer_reply,2026-03-12T19:34:54.501116Z,AG00014,
E_beta0001603,T00016,agent_note,2026-03-14T00:46:39.149935Z,AG00006,
E_beta0001604,T00016,status_change,2026-03-14T16:12:51.187413Z,AG00022,
E_beta0001700,T00017,created,2026-02-27T23:18:19Z,AG00019,
E_beta0001701,T00017,assigned,2026-02-28T02:03:55.469534Z,AG00014,
E_beta0001702,T00017,customer_reply,2026-03-01T12:53:58.696226Z,AG00013,
E_beta0001703,T00017,agent_note,2026-03-02T09:46:38.761703Z,AG00004,
E_beta0001704,T00017,status_change,2026-03-02T07:23:34.103952Z,AG00021,
E_beta0001800,T00018,created,2026-02-07T01:14:33Z,AG00006,
E_beta0001801,T00018,assigned,2026-02-07T07:34:12.657511Z,AG00011,
E_beta0001802,T00018,customer_reply,2026-02-07T12:47:44.403419Z,AG00013,
E_beta0001803,T00018,agent_note,2026-02-09T08:54:43.658459Z,AG00015,
E_beta0001900,T00019,created,2026-03-18T07:54:13Z,AG00002,
E_beta0001901,T00019,assigned,2026-03-20T13:36:28.696982Z,AG00008,
E_beta0001902,T00019,customer_reply,2026-03-18T22:36:49.710122Z,AG00002,
E_beta0002000,T00020,created,2026-01-17T05:47:03Z,AG00015,
E_beta0002001,T00020,assigned,2026-01-17T13:02:25.004253Z,AG00011,
E_beta0002002,T00020,customer_reply,2026-01-18T02:20:59.119229Z,AG00007,
E_beta0002003,T00020,agent_note,2026-01-17T09:36:58.708224Z,AG00004,
E_beta0002004,T00020,status_change,2026-01-18T09:19:54.781410Z,AG00011,
E_beta0002100,T00021,created,2026-03-11T21:44:18Z,AG00020,
E_beta0002101,T00021,assigned,2026-03-13T16:47:27.231248Z,AG00010,
E_beta0002102,T00021,customer_reply,2026-03-14T07:32:19.756086Z,AG00015,
E_beta0002200,T00022,created,2026-02-05T03:12:35Z,AG00015,
E_beta0002201,T00022,assigned,2026-02-05T12:40:34.302907Z,AG00013,
E_beta0002202,T00022,customer_reply,2026-02-07T14:41:39.604653Z,AG00014,
E_beta0002203,T00022,agent_note,2026-02-07T13:52:24.316904Z,AG00017,
E_beta0002300,T00023,created,2026-02-09T20:01:09Z,AG00001,
E_beta0002301,T00023,assigned,2026-02-11T03:46:24.778686Z,AG00013,
E_beta0002302,T00023,customer_reply,2026-02-11T22:31:08.013998Z,AG00013,
E_beta0002303,T00023,agent_note,2026-02-09T21:35:44.386957Z,AG00011,
E_beta0002400,T00024,created,2026-01-16T11:13:51Z,AG00022,
E_beta0002401,T00024,assigned,2026-01-18T13:37:39.985116Z,AG00004,
E_beta0002402,T00024,customer_reply,2026-01-17T06:20:26.404232Z,AG00003,
E_beta0002500,T00025,created,2026-02-22T07:43:48Z,AG00021,
E_beta0002501,T00025,assigned,2026-02-22T14:47:51.172625Z,AG00014,
E_beta0002600,T00026,created,2026-01-06T02:53:56Z,AG00021,
E_beta0002601,T00026,assigned,2026-01-06T08:17:16.783540Z,AG00007,
E_beta0002602,T00026,customer_reply,2026-01-08T13:53:14.083865Z,AG00008,
E_beta0002603,T00026,agent_note,2026-01-08T09:55:39.154557Z,AG00003,
E_beta0002700,T00027,created,2026-03-27T04:46:51Z,AG00007,
E_beta0002701,T00027,assigned,2026-03-28T16:02:57.529038Z,AG00012,
E_beta0002702,T00027,customer_reply,2026-03-29T04:36:43.243054Z,AG00010,
E_beta0002703,T00027,agent_note,2026-03-28T00:58:55.936084Z,AG00015,
E_beta0002800,T00028,created,2026-02-26T12:51:15Z,AG00021,
E_beta0002801,T00028,assigned,2026-02-28T05:24:00.653219Z,AG00016,
E_beta0002900,T00029,created,2026-01-06T18:57:32Z,AG00022,
E_beta0002901,T00029,assigned,2026-01-06T22:18:30.496148Z,AG00002,
E_beta0002902,T00029,customer_reply,2026-01-08T20:14:22.576313Z,AG00007,
E_beta0003000,T00030,created,2026-03-07T05:30:48Z,AG00015,
E_beta0003001,T00030,assigned,2026-03-08T05:34:58.098765Z,AG00024,
E_beta0003100,T00031,created,2026-03-28T08:05:44Z,AG00018,
E_beta0003101,T00031,assigned,2026-03-29T09:41:14.883572Z,AG00021,
E_beta0003102,T00031,customer_reply,2026-03-30T16:12:11.290083Z,AG00006,
E_beta0003103,T00031,agent_note,2026-03-28T20:25:04.952497Z,AG00006,
E_beta0003200,T00032,created,2026-02-07T23:25:59Z,AG00020,
E_beta0003201,T00032,assigned,2026-02-08T23:19:02.603355Z,AG00012,
E_beta0003300,T00033,created,2026-03-06T14:43:20Z,AG00023,
E_beta0003301,T00033,assigned,2026-03-08T05:16:08.993541Z,AG00022,
E_beta0003302,T00033,customer_reply,2026-03-06T18:15:45.313580Z,AG00005,
E_beta0003303,T00033,agent_note,2026-03-06T15:19:24.179893Z,AG00024,
E_beta0003400,T00034,created,2026-01-05T02:02:19Z,AG00022,
E_beta0003401,T00034,assigned,2026-01-06T15:44:24.235055Z,AG00002,
E_beta0003402,T00034,customer_reply,2026-01-06T09:02:22.599542Z,AG00008,
E_beta0003500,T00035,created,2026-02-19T12:19:57Z,AG00018,
E_beta0003501,T00035,assigned,2026-02-20T15:39:30.662679Z,AG00003,
E_beta0003502,T00035,customer_reply,2026-02-20T12:25:55.938874Z,AG00020,
E_beta0003503,T00035,agent_note,2026-02-21T00:09:29.409064Z,AG00010,
E_beta0003600,T00036,created,2026-03-19T09:03:37Z,AG00020,
E_beta0003601,T00036,assigned,2026-03-21T19:44:13.526160Z,AG00011,
E_beta0003700,T00037,created,2026-03-13T09:57:32Z,AG00014,
E_beta0003701,T00037,assigned,2026-03-14T23:55:09.330249Z,AG00003,
E_beta0003702,T00037,customer_reply,2026-03-13T10:04:34.980666Z,AG00020,
E_beta0003800,T00038,created,2026-01-02T13:45:19Z,AG00002,
E_beta0003801,T00038,assigned,2026-01-03T21:56:03.779914Z,AG00007,
E_beta0003802,T00038,customer_reply,2026-01-04T15:43:28.381026Z,AG00015,
E_beta0003803,T00038,agent_note,2026-01-03T10:51:20.938598Z,AG00019,
E_beta0003900,T00039,created,2026-02-04T18:44:07Z,AG00016,
E_beta0003901,T00039,assigned,2026-02-05T05:55:57.793350Z,AG00008,
E_beta0003902,T00039,customer_reply,2026-02-06T05:05:34.740921Z,AG00012,
E_beta0003903,T00039,agent_note,2026-02-06T05:09:55.031178Z,AG00019,
E_beta0004000,T00040,created,2026-01-13T18:55:34Z,AG00017,
E_beta0004001,T00040,assigned,2026-01-14T15:20:34.993839Z,AG00012,
E_beta0004002,T00040,customer_reply,2026-01-15T01:53:45.438234Z,AG00016,
E_beta0004003,T00040,agent_note,2026-01-14T15:12:23.197813Z,AG00022,
E_beta0004004,T00040,status_change,2026-01-16T02:49:20.241447Z,AG00014,
E_beta0004100,T00041,created,2026-03-02T15:13:16Z,AG00022,
E_beta0004101,T00041,assigned,2026-03-04T05:00:56.023597Z,AG00020,
E_beta0004102,T00041,customer_reply,2026-03-03T07:50:54.534743Z,AG00014,
E_beta0004103,T00041,agent_note,2026-03-04T16:48:09.017460Z,AG00002,
E_beta0004104,T00041,status_change,2026-03-03T04:27:39.900313Z,AG00019,
E_beta0004200,T00042,created,2026-01-16T01:00:03Z,AG00018,
E_beta0004201,T00042,assigned,2026-01-16T22:35:36.545582Z,AG00021,
E_beta0004202,T00042,customer_reply,2026-01-17T21:01:56.453667Z,AG00004,
E_beta0004203,T00042,agent_note,2026-01-16T11:36:23.518298Z,AG00007,
E_beta0004204,T00042,status_change,2026-01-17T07:46:02.360544Z,AG00015,
E_beta0004300,T00043,created,2026-02-07T17:14:06Z,AG00007,
E_beta0004301,T00043,assigned,2026-02-10T04:34:16.523754Z,AG00009,
E_beta0004400,T00044,created,2026-03-14T10:33:30Z,AG00005,
E_beta0004401,T00044,assigned,2026-03-15T11:18:44.063815Z,AG00023,
E_beta0004500,T00045,created,2026-02-04T05:28:25Z,AG00011,
E_beta0004501,T00045,assigned,2026-02-05T11:03:09.091984Z,AG00012,
E_beta0004502,T00045,customer_reply,2026-02-05T15:28:25.582667Z,AG00017,
E_beta0004503,T00045,agent_note,2026-02-04T13:56:49.723914Z,AG00011,
E_beta0004504,T00045,status_change,2026-02-06T01:10:15.470972Z,AG00016,
E_beta0004600,T00046,created,2026-02-24T23:40:08Z,AG00020,
E_beta0004601,T00046,assigned,2026-02-26T23:43:59.082010Z,AG00014,
E_beta0004602,T00046,customer_reply,2026-02-27T01:28:18.766989Z,AG00022,
E_beta0004603,T00046,agent_note,2026-02-26T23:01:59.485812Z,AG00022,
E_beta0004700,T00047,created,2026-03-28T13:48:10Z,AG00007,
E_beta0004701,T00047,assigned,2026-03-31T00:30:55.857793Z,AG00009,
E_beta0004702,T00047,customer_reply,2026-03-30T01:44:45.619809Z,AG00011,
E_beta0004703,T00047,agent_note,2026-03-30T01:57:12.811719Z,AG00013,
E_beta0004704,T00047,status_change,2026-03-28T22:44:13.858077Z,AG00004,
E_beta0004800,T00048,created,2026-01-02T19:46:26Z,AG00022,
E_beta0004801,T00048,assigned,2026-01-03T15:51:22.656220Z,AG00012,
E_beta0004900,T00049,created,2026-03-15T07:54:21Z,AG00014,
E_beta0004901,T00049,assigned,2026-03-16T03:22:36.931012Z,AG00013,
E_beta0004902,T00049,customer_reply,2026-03-16T00:00:37.365220Z,AG00020,
E_beta0005000,T00050,created,2026-02-07T17:21:32Z,AG00008,
E_beta0005001,T00050,assigned,2026-02-10T01:56:57.698053Z,AG00018,
E_beta0005002,T00050,customer_reply,2026-02-09T12:48:08.672304Z,AG00002,
E_beta0005100,T00051,created,2026-03-24T13:26:29Z,AG00007,
E_beta0005101,T00051,assigned,2026-03-24T22:45:30.699898Z,AG00007,
E_beta0005102,T00051,customer_reply,2026-03-24T21:39:16.947527Z,AG00024,
E_beta0005103,T00051,agent_note,2026-03-25T04:55:39.578401Z,AG00006,
E_beta0005104,T00051,status_change,2026-03-26T09:42:27.680010Z,AG00016,
E_beta0005200,T00052,created,2026-01-18T15:19:39Z,AG00011,
E_beta0005201,T00052,assigned,2026-01-18T18:50:40.063379Z,AG00019,
E_beta0005202,T00052,customer_reply,2026-01-20T06:43:38.660678Z,AG00024,
E_beta0005203,T00052,agent_note,2026-01-18T18:58:24.923255Z,AG00003,
E_beta0005204,T00052,status_change,2026-01-19T16:29:47.276734Z,AG00012,
E_beta0005300,T00053,created,2026-01-27T01:21:46Z,AG00013,
E_beta0005301,T00053,assigned,2026-01-27T06:27:23.619766Z,AG00011,
E_beta0005302,T00053,customer_reply,2026-01-27T05:07:19.136648Z,AG00004,
E_beta0005400,T00054,created,2026-03-28T20:08:43Z,AG00016,
E_beta0005401,T00054,assigned,2026-03-29T02:57:51.549767Z,AG00007,
E_beta0005402,T00054,customer_reply,2026-03-29T12:42:02.702358Z,AG00015,
E_beta0005403,T00054,agent_note,2026-03-30T14:40:28.359917Z,AG00012,
E_beta0005500,T00055,created,2026-01-01T05:44:03Z,AG00011,
E_beta0005501,T00055,assigned,2026-01-02T02:03:18.479378Z,AG00010,
E_beta0005502,T00055,customer_reply,2026-01-01T07:38:12.099719Z,AG00014,
E_beta0005503,T00055,agent_note,2026-01-01T17:09:11.769771Z,AG00020,
E_beta0005600,T00056,created,2026-02-11T23:15:24Z,AG00004,
E_beta0005601,T00056,assigned,2026-02-12T05:58:25.122380Z,AG00018,
E_beta0005602,T00056,customer_reply,2026-02-13T16:50:54.768121Z,AG00013,
E_beta0005700,T00057,created,2026-03-15T23:40:08Z,AG00004,
E_beta0005701,T00057,assigned,2026-03-16T04:10:44.659236Z,AG00007,
E_beta0005702,T00057,customer_reply,2026-03-17T18:04:03.980903Z,AG00009,
E_beta0005800,T00058,created,2026-01-09T17:25:13Z,AG00014,
E_beta0005801,T00058,assigned,2026-01-09T17:59:00.396219Z,AG00018,
E_beta0005802,T00058,customer_reply,2026-01-12T04:07:25.501840Z,AG00019,
E_beta0005803,T00058,agent_note,2026-01-12T00:48:28.955691Z,AG00011,
E_beta0005900,T00059,created,2026-01-08T04:13:24Z,AG00019,
E_beta0005901,T00059,assigned,2026-01-10T01:52:32.683837Z,AG00013,
E_beta0005902,T00059,customer_reply,2026-01-09T18:25:59.625846Z,AG00004,
E_beta0005903,T00059,agent_note,2026-01-08T17:19:19.695516Z,AG00006,
E_beta0006000,T00060,created,2026-03-08T01:20:22Z,AG00024,
E_beta0006001,T00060,assigned,2026-03-10T10:50:54.344210Z,AG00006,
E_beta0006100,T00061,created,2026-03-01T18:54:42Z,AG00002,
E_beta0006101,T00061,assigned,2026-03-04T00:26:34.456745Z,AG00022,
E_beta0006102,T00061,customer_reply,2026-03-03T09:13:22.562792Z,AG00010,
E_beta0006200,T00062,created,2026-02-07T05:29:34Z,AG00016,
E_beta0006201,T00062,assigned,2026-02-09T17:29:10.369683Z,AG00001,
E_beta0006300,T00063,created,2026-01-07T00:04:13Z,AG00012,
E_beta0006301,T00063,assigned,2026-01-07T19:17:52.287748Z,AG00024,
E_beta0006302,T00063,customer_reply,2026-01-09T09:33:37.634945Z,AG00003,
E_beta0006400,T00064,created,2026-03-21T03:40:39Z,AG00003,
E_beta0006401,T00064,assigned,2026-03-21T17:16:20.265870Z,AG00004,
E_beta0006402,T00064,customer_reply,2026-03-21T21:53:13.386960Z,AG00018,
E_beta0006500,T00065,created,2026-03-22T20:25:12Z,AG00019,
E_beta0006501,T00065,assigned,2026-03-23T06:59:41.479342Z,AG00024,
E_beta0006502,T00065,customer_reply,2026-03-24T08:18:46.587888Z,AG00024,
E_beta0006600,T00066,created,2026-01-16T11:05:48Z,AG00012,
E_beta0006601,T00066,assigned,2026-01-17T10:44:49.380215Z,AG00006,
E_beta0006602,T00066,customer_reply,2026-01-17T03:50:25.255641Z,AG00024,
E_beta0006603,T00066,agent_note,2026-01-17T08:57:48.232714Z,AG00021,
E_beta0006604,T00066,status_change,2026-01-17T15:53:34.316431Z,AG00021,
E_beta0006700,T00067,created,2026-02-28T10:22:00Z,AG00002,
E_beta0006701,T00067,assigned,2026-03-01T08:42:47.380484Z,AG00017,
E_beta0006702,T00067,customer_reply,2026-02-28T17:10:41.942941Z,AG00002,
E_beta0006703,T00067,agent_note,2026-03-01T11:40:52.818712Z,AG00024,
E_beta0006800,T00068,created,2026-02-11T08:13:24Z,AG00021,
E_beta0006801,T00068,assigned,2026-02-11T09:53:18.850182Z,AG00007,
E_beta0006802,T00068,customer_reply,2026-02-13T02:26:22.531864Z,AG00001,
E_beta0006803,T00068,agent_note,2026-02-11T21:54:00.900182Z,AG00018,
E_beta0006804,T00068,status_change,2026-02-13T07:21:13.442069Z,AG00008,
E_beta0006900,T00069,created,2026-01-10T12:53:40Z,AG00019,
E_beta0006901,T00069,assigned,2026-01-12T06:13:33.682927Z,AG00011,
E_beta0006902,T00069,customer_reply,2026-01-12T18:47:08.110982Z,AG00017,
E_beta0006903,T00069,agent_note,2026-01-11T09:58:10.858598Z,AG00016,
E_beta0007000,T00070,created,2026-02-13T18:42:42Z,AG00018,
E_beta0007001,T00070,assigned,2026-02-15T01:36:52.468813Z,AG00007,
E_beta0007002,T00070,customer_reply,2026-02-15T22:21:16.254133Z,AG00019,
E_beta0007003,T00070,agent_note,2026-02-14T08:27:38.809169Z,AG00021,
E_beta0007004,T00070,status_change,2026-02-14T21:59:49.610210Z,AG00003,
E_beta0007100,T00071,created,2026-01-13T04:49:59Z,AG00017,
E_beta0007101,T00071,assigned,2026-01-13T07:21:49.057617Z,AG00013,
E_beta0007102,T00071,customer_reply,2026-01-14T01:51:16.750782Z,AG00020,
E_beta0007103,T00071,agent_note,2026-01-14T02:50:11.064333Z,AG00024,
E_beta0007200,T00072,created,2026-01-16T22:23:11Z,AG00006,
E_beta0007201,T00072,assigned,2026-01-17T22:44:27.554423Z,AG00020,
E_beta0007202,T00072,customer_reply,2026-01-18T21:41:06.513980Z,AG00010,
E_beta0007203,T00072,agent_note,2026-01-19T07:54:14.150463Z,AG00016,
E_beta0007204,T00072,status_change,2026-01-17T18:50:50.331832Z,AG00014,
E_beta0007300,T00073,created,2026-02-09T14:32:41Z,AG00018,
E_beta0007301,T00073,assigned,2026-02-11T22:20:59.939800Z,AG00023,
E_beta0007302,T00073,customer_reply,2026-02-10T09:21:16.249967Z,AG00007,
E_beta0007400,T00074,created,2026-01-28T13:39:24Z,AG00015,
E_beta0007401,T00074,assigned,2026-01-29T06:38:38.708571Z,AG00020,
E_beta0007402,T00074,customer_reply,2026-01-28T20:45:22.908926Z,AG00007,
E_beta0007403,T00074,agent_note,2026-01-29T08:35:54.019562Z,AG00007,
E_beta0007404,T00074,status_change,2026-01-30T14:51:37.146821Z,AG00020,
E_beta0007500,T00075,created,2026-01-04T14:13:25Z,AG00014,
E_beta0007501,T00075,assigned,2026-01-05T02:41:56.547012Z,AG00014,
E_beta0007502,T00075,customer_reply,2026-01-05T05:49:30.729734Z,AG00011,
E_beta0007600,T00076,created,2026-03-09T06:13:50Z,AG00006,
E_beta0007601,T00076,assigned,2026-03-11T16:28:09.871421Z,AG00021,
E_beta0007602,T00076,customer_reply,2026-03-11T12:25:05.755893Z,AG00002,
E_beta0007603,T00076,agent_note,2026-03-11T14:19:43.103089Z,AG00009,
E_beta0007700,T00077,created,2026-01-14T17:01:19Z,AG00014,
E_beta0007701,T00077,assigned,2026-01-16T10:50:22.737217Z,AG00009,
E_beta0007702,T00077,customer_reply,2026-01-16T05:03:07.238159Z,AG00008,
E_beta0007800,T00078,created,2026-03-16T02:40:18Z,AG00011,
E_beta0007801,T00078,assigned,2026-03-17T09:06:23.537323Z,AG00014,
E_beta0007802,T00078,customer_reply,2026-03-18T03:26:41.664064Z,AG00015,
E_beta0007803,T00078,agent_note,2026-03-17T11:27:32.309313Z,AG00023,
E_beta0007900,T00079,created,2026-02-15T01:11:23Z,AG00008,
E_beta0007901,T00079,assigned,2026-02-15T18:42:09.354116Z,AG00024,
E_beta0007902,T00079,customer_reply,2026-02-15T05:33:25.336428Z,AG00016,
E_beta0008000,T00080,created,2026-03-23T23:45:28Z,AG00014,
E_beta0008001,T00080,assigned,2026-03-24T23:40:45.050985Z,AG00008,
E_beta0008002,T00080,customer_reply,2026-03-24T18:39:11.200445Z,AG00024,
E_beta0008003,T00080,agent_note,2026-03-25T05:35:03.305155Z,AG00003,
E_beta0008004,T00080,status_change,2026-03-24T08:33:10.182546Z,AG00010,
E_beta0008100,T00081,created,2026-03-09T13:22:02Z,AG00019,
E_beta0008101,T00081,assigned,2026-03-10T22:06:56.614836Z,AG00022,
E_beta0008102,T00081,customer_reply,2026-03-10T04:55:18.949564Z,AG00022,
E_beta0008103,T00081,agent_note,2026-03-11T04:15:34.448034Z,AG00010,
E_beta0008104,T00081,status_change,2026-03-10T16:08:01.924676Z,AG00014,
E_beta0008200,T00082,created,2026-02-23T11:29:44Z,AG00012,
E_beta0008201,T00082,assigned,2026-02-23T14:31:05.302774Z,AG00014,
E_beta0008202,T00082,customer_reply,2026-02-23T18:49:05.939367Z,AG00018,
E_beta0008203,T00082,agent_note,2026-02-24T15:28:31.771884Z,AG00022,
E_beta0008300,T00083,created,2026-01-05T02:16:33Z,AG00007,
E_beta0008301,T00083,assigned,2026-01-06T16:05:50.942672Z,AG00003,
E_beta0008302,T00083,customer_reply,2026-01-07T12:01:54.776105Z,AG00018,
E_beta0008303,T00083,agent_note,2026-01-07T04:26:08.611906Z,AG00020,
E_beta0008400,T00084,created,2026-03-01T04:52:21Z,AG00020,
E_beta0008401,T00084,assigned,2026-03-01T13:45:29.546845Z,AG00008,
E_beta0008402,T00084,customer_reply,2026-03-01T19:05:32.626570Z,AG00006,
E_beta0008500,T00085,created,2026-02-27T14:31:49Z,AG00007,
E_beta0008501,T00085,assigned,2026-02-28T10:37:06.361466Z,AG00019,
E_beta0008502,T00085,customer_reply,2026-03-01T16:09:51.919630Z,AG00017,
E_beta0008600,T00086,created,2026-03-12T10:41:41Z,AG00019,
E_beta0008601,T00086,assigned,2026-03-12T15:21:42.518108Z,AG00022,
E_beta0008602,T00086,customer_reply,2026-03-13T10:06:19.301285Z,AG00005,
E_beta0008603,T00086,agent_note,2026-03-13T08:14:06.114447Z,AG00006,
E_beta0008700,T00087,created,2026-03-06T18:11:37Z,AG00008,
E_beta0008701,T00087,assigned,2026-03-07T08:54:45.055692Z,AG00003,
E_beta0008800,T00088,created,2026-01-15T02:41:50Z,AG00009,
E_beta0008801,T00088,assigned,2026-01-17T01:11:47.681552Z,AG00007,
E_beta0008802,T00088,customer_reply,2026-01-16T18:16:25.517139Z,AG00004,
E_beta0008803,T00088,agent_note,2026-01-16T06:39:53.875288Z,AG00024,
E_beta0008804,T00088,status_change,2026-01-15T10:23:27.071395Z,AG00019,
E_beta0008900,T00089,created,2026-01-08T03:53:41Z,AG00012,
E_beta0008901,T00089,assigned,2026-01-09T00:55:41.462582Z,AG00024,
E_beta0009000,T00090,created,2026-01-19T19:12:03Z,AG00023,
E_beta0009001,T00090,assigned,2026-01-21T13:14:17.347650Z,AG00003,
E_beta0009002,T00090,customer_reply,2026-01-20T04:15:44.692829Z,AG00007,
E_beta0009100,T00091,created,2026-03-19T15:53:28Z,AG00018,
E_beta0009101,T00091,assigned,2026-03-20T12:37:41.818174Z,AG00007,
E_beta0009102,T00091,customer_reply,2026-03-19T22:20:55.751104Z,AG00018,
E_beta0009200,T00092,created,2026-01-02T04:50:52Z,AG00020,
E_beta0009201,T00092,assigned,2026-01-02T17:20:09.455212Z,AG00012,
E_beta0009202,T00092,customer_reply,2026-01-02T09:25:40.310178Z,AG00021,
E_beta0009300,T00093,created,2026-03-28T00:13:40Z,AG00003,
E_beta0009301,T00093,assigned,2026-03-28T04:47:26.812535Z,AG00001,
E_beta0009302,T00093,customer_reply,2026-03-28T04:01:45.897255Z,AG00009,
E_beta0009400,T00094,created,2026-02-21T07:08:57Z,AG00011,
E_beta0009401,T00094,assigned,2026-02-21T09:11:42.516448Z,AG00022,
E_beta0009402,T00094,customer_reply,2026-02-22T03:42:58.758425Z,AG00024,
E_beta0009403,T00094,agent_note,2026-02-21T23:27:47.211562Z,AG00018,
E_beta0009500,T00095,created,2026-02-12T04:29:11Z,AG00016,
E_beta0009501,T00095,assigned,2026-02-13T00:57:59.532242Z,AG00010,
E_beta0009502,T00095,customer_reply,2026-02-13T19:58:30.706704Z,AG00003,
E_beta0009503,T00095,agent_note,2026-02-12T05:00:24.528782Z,AG00011,
E_beta0009600,T00096,created,2026-01-03T23:44:20Z,AG00024,
E_beta0009601,T00096,assigned,2026-01-06T04:17:06.896983Z,AG00011,
E_beta0009602,T00096,customer_reply,2026-01-04T20:38:36.640613Z,AG00006,
E_beta0009603,T00096,agent_note,2026-01-05T08:12:23.196983Z,AG00005,
E_beta0009700,T00097,created,2026-02-11T15:49:55Z,AG00010,
E_beta0009701,T00097,assigned,2026-02-13T11:08:06.188154Z,AG00011,
E_beta0009702,T00097,customer_reply,2026-02-12T06:18:50.415137Z,AG00003,
E_beta0009703,T00097,agent_note,2026-02-11T22:40:05.490664Z,AG00022,
E_beta0009800,T00098,created,2026-02-01T04:02:40Z,AG00020,
E_beta0009801,T00098,assigned,2026-02-01T21:43:33.082020Z,AG00023,
E_beta0009900,T00099,created,2026-01-09T08:38:51Z,AG00001,
E_beta0009901,T00099,assigned,2026-01-10T16:17:01.152163Z,AG00001,
E_beta0010000,T00100,created,2026-01-09T23:12:01Z,AG00018,
E_beta0010001,T00100,assigned,2026-01-11T05:54:20.243370Z,AG00003,
E_beta0010002,T00100,customer_reply,2026-01-12T08:58:02.010181Z,AG00006,
E_beta0010003,T00100,agent_note,2026-01-11T11:27:23.254323Z,AG00004,
E_beta0010004,T00100,status_change,2026-01-10T03:15:43.312944Z,AG00009,
E_beta0010100,T00101,created,2026-01-30T19:37:10Z,AG00011,
E_beta0010101,T00101,assigned,2026-02-01T00:13:58.648300Z,AG00010,
E_beta0010102,T00101,customer_reply,2026-02-02T05:31:18.835265Z,AG00012,
E_beta0010200,T00102,created,2026-03-01T22:48:41Z,AG00022,
E_beta0010201,T00102,assigned,2026-03-02T15:23:13.754656Z,AG00020,
E_beta0010202,T00102,customer_reply,2026-03-04T05:03:42.636887Z,AG00015,
E_beta0010203,T00102,agent_note,2026-03-02T07:25:17.833364Z,AG00008,
E_beta0010204,T00102,status_change,2026-03-03T21:12:48.421456Z,AG00003,
E_beta0010300,T00103,created,2026-03-18T06:30:59Z,AG00018,
E_beta0010301,T00103,assigned,2026-03-19T19:33:49.046017Z,AG00023,
E_beta0010302,T00103,customer_reply,2026-03-18T06:42:06.391199Z,AG00002,
E_beta0010303,T00103,agent_note,2026-03-18T12:56:13.005792Z,AG00001,
E_beta0010400,T00104,created,2026-02-07T23:41:58Z,AG00017,
E_beta0010401,T00104,assigned,2026-02-09T21:18:58.897388Z,AG00019,
E_beta0010500,T00105,created,2026-01-22T20:23:17Z,AG00004,
E_beta0010501,T00105,assigned,2026-01-24T17:20:28.363485Z,AG00013,
E_beta0010502,T00105,customer_reply,2026-01-25T05:04:27.684094Z,AG00014,
E_beta0010503,T00105,agent_note,2026-01-22T21:26:06.373042Z,AG00013,
E_beta0010504,T00105,status_change,2026-01-24T22:55:02.873003Z,AG00018,
E_beta0010600,T00106,created,2026-03-12T19:15:25Z,AG00007,
E_beta0010601,T00106,assigned,2026-03-13T17:41:24.111192Z,AG00022,
E_beta0010602,T00106,customer_reply,2026-03-14T20:47:13.491535Z,AG00005,
E_beta0010603,T00106,agent_note,2026-03-12T19:58:25.873158Z,AG00013,
E_beta0010604,T00106,status_change,2026-03-15T02:54:04.488235Z,AG00012,
E_beta0010700,T00107,created,2026-01-08T02:25:33Z,AG00002,
E_beta0010701,T00107,assigned,2026-01-09T04:47:49.773592Z,AG00012,
E_beta0010702,T00107,customer_reply,2026-01-09T09:12:21.292622Z,AG00017,
E_beta0010703,T00107,agent_note,2026-01-10T13:27:17.032310Z,AG00003,
E_beta0010704,T00107,status_change,2026-01-10T07:25:06.704981Z,AG00012,
E_beta0010800,T00108,created,2026-02-01T19:57:02Z,AG00006,
E_beta0010801,T00108,assigned,2026-02-02T14:36:01.852005Z,AG00018,
E_beta0010802,T00108,customer_reply,2026-02-02T10:40:07.626193Z,AG00018,
E_beta0010803,T00108,agent_note,2026-02-02T19:10:42.821123Z,AG00004,
E_beta0010900,T00109,created,2026-01-01T05:38:08Z,AG00014,
E_beta0010901,T00109,assigned,2026-01-02T12:20:40.106100Z,AG00024,
E_beta0011000,T00110,created,2026-01-02T17:33:02Z,AG00010,
E_beta0011001,T00110,assigned,2026-01-02T18:04:35.467355Z,AG00009,
E_beta0011002,T00110,customer_reply,2026-01-04T02:35:50.972993Z,AG00009,
E_beta0011100,T00111,created,2026-03-16T09:17:32Z,AG00009,
E_beta0011101,T00111,assigned,2026-03-18T11:30:07.519708Z,AG00012,
E_beta0011200,T00112,created,2026-02-18T12:33:14Z,AG00018,
E_beta0011201,T00112,assigned,2026-02-20T01:25:56.732506Z,AG00003,
E_beta0011300,T00113,created,2026-03-02T01:16:26Z,AG00014,
E_beta0011301,T00113,assigned,2026-03-02T15:10:18.887941Z,AG00001,
E_beta0011302,T00113,customer_reply,2026-03-03T04:01:45.594345Z,AG00018,
E_beta0011400,T00114,created,2026-01-26T06:39:38Z,AG00017,
E_beta0011401,T00114,assigned,2026-01-26T23:34:53.340014Z,AG00018,
E_beta0011402,T00114,customer_reply,2026-01-28T09:59:54.606373Z,AG00010,
E_beta0011500,T00115,created,2026-01-21T17:09:41Z,AG00013,
E_beta0011501,T00115,assigned,2026-01-23T10:33:24.622008Z,AG00010,
E_beta0011502,T00115,customer_reply,2026-01-22T23:24:36.554871Z,AG00008,
E_beta0011600,T00116,created,2026-01-19T21:13:31Z,AG00015,
E_beta0011601,T00116,assigned,2026-01-20T20:28:09.190998Z,AG00002,
E_beta0011602,T00116,customer_reply,2026-01-22T02:09:34.385323Z,AG00007,
E_beta0011700,T00117,created,2026-01-04T22:06:29Z,AG00012,
E_beta0011701,T00117,assigned,2026-01-06T21:17:53.884952Z,AG00020,
E_beta0011800,T00118,created,2026-01-27T20:29:28Z,AG00005,
E_beta0011801,T00118,assigned,2026-01-30T01:38:44.566272Z,AG00008,
E_beta0011802,T00118,customer_reply,2026-01-28T17:58:13.176904Z,AG00005,
E_beta0011803,T00118,agent_note,2026-01-30T07:30:42.956558Z,AG00007,
E_beta0011900,T00119,created,2026-02-07T10:22:29Z,AG00008,
E_beta0011901,T00119,assigned,2026-02-08T15:21:43.016399Z,AG00018,
E_beta0011902,T00119,customer_reply,2026-02-09T14:11:44.232470Z,AG00008,
E_beta0012000,T00120,created,2026-02-05T15:05:05Z,AG00020,
E_beta0012001,T00120,assigned,2026-02-06T16:55:23.946214Z,AG00016,
E_beta0012002,T00120,customer_reply,2026-02-06T17:05:50.568322Z,AG00016,
E_beta0012003,T00120,agent_note,2026-02-06T11:59:45.619047Z,AG00012,
E_beta0012004,T00120,status_change,2026-02-07T10:01:33.395820Z,AG00019,
E_beta0012100,T00121,created,2026-03-06T10:12:23Z,AG00014,
E_beta0012101,T00121,assigned,2026-03-08T06:28:11.438251Z,AG00019,
E_beta0012102,T00121,customer_reply,2026-03-07T19:07:21.975602Z,AG00002,
E_beta0012200,T00122,created,2026-01-22T12:40:07Z,AG00012,
E_beta0012201,T00122,assigned,2026-01-23T18:54:50.087479Z,AG00015,
E_beta0012300,T00123,created,2026-03-12T23:48:22Z,AG00012,
E_beta0012301,T00123,assigned,2026-03-15T06:32:32.276853Z,AG00003,
E_beta0012302,T00123,customer_reply,2026-03-13T10:24:41.635382Z,AG00017,
E_beta0012400,T00124,created,2026-03-07T03:16:16Z,AG00003,
E_beta0012401,T00124,assigned,2026-03-08T18:47:54.352762Z,AG00021,
E_beta0012402,T00124,customer_reply,2026-03-09T07:31:53.247319Z,AG00012,
E_beta0012403,T00124,agent_note,2026-03-09T01:36:44.533208Z,AG00014,
E_beta0012404,T00124,status_change,2026-03-07T10:31:59.574552Z,AG00007,
E_beta0012500,T00125,created,2026-02-18T05:36:29Z,AG00006,
E_beta0012501,T00125,assigned,2026-02-18T07:46:13.917747Z,AG00001,
E_beta0012502,T00125,customer_reply,2026-02-18T07:32:13.434029Z,AG00002,
E_beta0012600,T00126,created,2026-01-23T19:48:20Z,AG00012,
E_beta0012601,T00126,assigned,2026-01-25T15:37:14.382076Z,AG00002,
E_beta0012602,T00126,customer_reply,2026-01-25T07:52:19.203768Z,AG00010,
E_beta0012700,T00127,created,2026-01-02T04:26:50Z,AG00006,
E_beta0012701,T00127,assigned,2026-01-02T07:27:01.212533Z,AG00023,
E_beta0012702,T00127,customer_reply,2026-01-04T00:44:57.491859Z,AG00009,
E_beta0012703,T00127,agent_note,2026-01-03T20:10:25.285487Z,AG00021,
E_beta0012704,T00127,status_change,2026-01-03T16:46:45.348466Z,AG00009,
E_beta0012800,T00128,created,2026-01-11T21:20:57Z,AG00009,
E_beta0012801,T00128,assigned,2026-01-12T19:59:26.695537Z,AG00010,
E_beta0012802,T00128,customer_reply,2026-01-13T12:19:46.856786Z,AG00015,
E_beta0012900,T00129,created,2026-03-11T09:11:40Z,AG00018,
E_beta0012901,T00129,assigned,2026-03-13T06:10:23.523869Z,AG00015,
E_beta0012902,T00129,customer_reply,2026-03-11T20:40:08.785534Z,AG00006,
E_beta0012903,T00129,agent_note,2026-03-13T02:46:49.210361Z,AG00011,
E_beta0012904,T00129,status_change,2026-03-12T15:47:11.361543Z,AG00020,
E_beta0013000,T00130,created,2026-03-06T01:18:54Z,AG00008,
E_beta0013001,T00130,assigned,2026-03-06T08:51:24.674424Z,AG00011,
E_beta0013002,T00130,customer_reply,2026-03-07T18:31:27.821209Z,AG00020,
